[{0=0, 1=0, 2=0, 3=0, 4=0, 5=0, 6=0, 7=0, 8=0, 9=0, 10=0}, {0=0, 1=0, 2=0, 3=0, 4=0, 5=0, 6=0, 7=88, 8=0, 9=0, 10=0}, {0=0, 1=0, 2=0, 3=0, 4=0, 5=0, 6=0, 7=0, 8=0, 9=0, 10=56}, {0=13, 1=0, 2=0, 3=0, 4=0, 5=0, 6=0, 7=0, 8=0, 9=0, 10=0}, {0=2, 1=1, 2=0, 3=0, 4=2, 5=2, 6=0, 7=0, 8=1, 9=0, 10=0}, {0=0, 1=0, 2=1, 3=1, 4=3, 5=0, 6=1, 7=1, 8=0, 9=1, 10=0}, {0=0, 1=0, 2=0, 3=2, 4=0, 5=1, 6=0, 7=1, 8=0, 9=0, 10=1}, {0=1, 1=0, 2=1, 3=1, 4=0, 5=0, 6=1, 7=0, 8=2, 9=0, 10=0}, {0=1, 1=0, 2=0, 3=2, 4=0, 5=1, 6=1, 7=1, 8=1, 9=0, 10=0}, {0=12, 1=13, 2=12, 3=12, 4=7, 5=12, 6=14, 7=11, 8=15, 9=13, 10=16}, {0=0, 1=0, 2=0, 3=0, 4=0, 5=0, 6=0, 7=0, 8=0, 9=0, 10=0}]
[{0=0, 1=0, 2=0, 3=0, 4=0, 5=0, 6=0, 7=0, 8=0, 9=0, 10=0}, {0=0, 1=0, 2=0, 3=0, 4=0, 5=0, 6=0, 7=39, 8=0, 9=0, 10=0}, {0=0, 1=0, 2=0, 3=0, 4=0, 5=0, 6=0, 7=0, 8=0, 9=0, 10=46}, {0=0, 1=0, 2=0, 3=96, 4=0, 5=0, 6=0, 7=0, 8=0, 9=0, 10=0}, {0=0, 1=0, 2=0, 3=0, 4=0, 5=0, 6=0, 7=0, 8=0, 9=0, 10=0}, {0=0, 1=0, 2=0, 3=0, 4=0, 5=0, 6=0, 7=0, 8=0, 9=0, 10=0}, {0=0, 1=0, 2=0, 3=0, 4=0, 5=0, 6=0, 7=0, 8=0, 9=0, 10=0}, {0=0, 1=0, 2=0, 3=0, 4=0, 5=0, 6=0, 7=0, 8=0, 9=0, 10=0}, {0=0, 1=0, 2=0, 3=0, 4=0, 5=0, 6=0, 7=0, 8=0, 9=0, 10=0}, {0=0, 1=0, 2=0, 3=0, 4=0, 5=0, 6=0, 7=0, 8=0, 9=0, 10=0}, {0=0, 1=0, 2=0, 3=0, 4=0, 5=0, 6=0, 7=0, 8=0, 9=0, 10=0}]
[{0=0, 1=0, 2=0, 3=0, 4=0, 5=0, 6=0, 7=0, 8=0, 9=0, 10=0}, {0=0, 1=0, 2=0, 3=0, 4=0, 5=0, 6=0, 7=0, 8=0, 9=0, 10=78}, {0=0, 1=0, 2=0, 3=0, 4=0, 5=0, 6=0, 7=0, 8=0, 9=36, 10=0}, {0=0, 1=0, 2=0, 3=0, 4=0, 5=0, 6=0, 7=0, 8=11, 9=0, 10=0}, {0=0, 1=0, 2=0, 3=0, 4=0, 5=6, 6=0, 7=0, 8=0, 9=0, 10=0}, {0=0, 1=0, 2=0, 3=1, 4=0, 5=1, 6=0, 7=1, 8=0, 9=0, 10=0}, {0=0, 1=0, 2=0, 3=0, 4=0, 5=2, 6=0, 7=0, 8=0, 9=2, 10=0}, {0=1, 1=0, 2=0, 3=0, 4=0, 5=0, 6=0, 7=0, 8=0, 9=0, 10=0}, {0=9, 1=10, 2=14, 3=7, 4=11, 5=11, 6=18, 7=14, 8=10, 9=5, 10=11}, {0=3, 1=3, 2=1, 3=3, 4=0, 5=7, 6=0, 7=2, 8=3, 9=2, 10=1}, {0=0, 1=0, 2=0, 3=0, 4=0, 5=0, 6=0, 7=0, 8=0, 9=0, 10=0}]
[{0=0, 1=0, 2=0, 3=0, 4=0, 5=0, 6=0, 7=0, 8=0, 9=0, 10=0}, {0=0, 1=0, 2=0, 3=0, 4=0, 5=0, 6=0, 7=0, 8=0, 9=82, 10=0}, {0=0, 1=0, 2=0, 3=0, 4=0, 5=52, 6=0, 7=0, 8=0, 9=0, 10=0}, {0=0, 1=0, 2=0, 3=0, 4=0, 5=20, 6=0, 7=0, 8=0, 9=0, 10=0}, {0=0, 1=0, 2=0, 3=0, 4=0, 5=9, 6=0, 7=0, 8=0, 9=0, 10=0}, {0=1, 1=0, 2=1, 3=3, 4=0, 5=0, 6=1, 7=0, 8=1, 9=2, 10=1}, {0=0, 1=1, 2=0, 3=0, 4=0, 5=2, 6=0, 7=2, 8=1, 9=1, 10=0}, {0=0, 1=0, 2=1, 3=1, 4=0, 5=1, 6=0, 7=0, 8=0, 9=0, 10=0}, {0=1, 1=0, 2=1, 3=1, 4=0, 5=0, 6=0, 7=1, 8=2, 9=1, 10=0}, {0=4, 1=5, 2=15, 3=6, 4=11, 5=10, 6=6, 7=10, 8=6, 9=8, 10=10}, {0=0, 1=0, 2=0, 3=0, 4=0, 5=0, 6=0, 7=0, 8=0, 9=0, 10=0}]
[{0=0, 1=0, 2=0, 3=0, 4=0, 5=0, 6=0, 7=0, 8=0, 9=0, 10=0}, {0=0, 1=0, 2=0, 3=0, 4=0, 5=0, 6=0, 7=0, 8=74, 9=0, 10=0}, {0=0, 1=0, 2=0, 3=0, 4=0, 5=0, 6=0, 7=0, 8=0, 9=0, 10=48}, {0=0, 1=0, 2=0, 3=109, 4=0, 5=0, 6=0, 7=0, 8=0, 9=0, 10=0}, {0=0, 1=0, 2=0, 3=0, 4=0, 5=0, 6=0, 7=0, 8=0, 9=0, 10=0}, {0=0, 1=0, 2=0, 3=0, 4=0, 5=0, 6=0, 7=0, 8=0, 9=0, 10=0}, {0=0, 1=0, 2=0, 3=0, 4=0, 5=0, 6=0, 7=0, 8=0, 9=0, 10=0}, {0=0, 1=0, 2=0, 3=0, 4=0, 5=0, 6=0, 7=0, 8=0, 9=0, 10=0}, {0=0, 1=0, 2=0, 3=0, 4=0, 5=0, 6=0, 7=0, 8=0, 9=0, 10=0}, {0=0, 1=0, 2=0, 3=0, 4=0, 5=0, 6=0, 7=0, 8=0, 9=0, 10=0}, {0=0, 1=0, 2=0, 3=0, 4=0, 5=0, 6=0, 7=0, 8=0, 9=0, 10=0}]
[{0=0, 1=0, 2=0, 3=0, 4=0, 5=0, 6=0, 7=0, 8=0, 9=0, 10=0}, {0=0, 1=0, 2=0, 3=0, 4=0, 5=0, 6=0, 7=0, 8=0, 9=0, 10=78}, {0=0, 1=0, 2=0, 3=0, 4=0, 5=0, 6=0, 7=0, 8=0, 9=0, 10=35}, {0=0, 1=0, 2=0, 3=118, 4=0, 5=0, 6=0, 7=0, 8=0, 9=0, 10=0}, {0=0, 1=0, 2=0, 3=0, 4=0, 5=0, 6=0, 7=0, 8=0, 9=0, 10=0}, {0=0, 1=0, 2=0, 3=0, 4=0, 5=0, 6=0, 7=0, 8=0, 9=0, 10=0}, {0=0, 1=0, 2=0, 3=0, 4=0, 5=0, 6=0, 7=0, 8=0, 9=0, 10=0}, {0=0, 1=0, 2=0, 3=0, 4=0, 5=0, 6=0, 7=0, 8=0, 9=0, 10=0}, {0=0, 1=0, 2=0, 3=0, 4=0, 5=0, 6=0, 7=0, 8=0, 9=0, 10=0}, {0=0, 1=0, 2=0, 3=0, 4=0, 5=0, 6=0, 7=0, 8=0, 9=0, 10=0}, {0=0, 1=0, 2=0, 3=0, 4=0, 5=0, 6=0, 7=0, 8=0, 9=0, 10=0}]
[{0=0, 1=0, 2=0, 3=0, 4=0, 5=0, 6=0, 7=0, 8=0, 9=0, 10=0}, {0=0, 1=0, 2=0, 3=0, 4=0, 5=0, 6=0, 7=0, 8=0, 9=0, 10=80}, {0=0, 1=0, 2=0, 3=0, 4=0, 5=0, 6=0, 7=0, 8=0, 9=0, 10=33}, {0=12, 1=0, 2=0, 3=0, 4=0, 5=0, 6=0, 7=0, 8=0, 9=0, 10=0}, {0=0, 1=0, 2=0, 3=0, 4=0, 5=6, 6=0, 7=0, 8=0, 9=0, 10=0}, {0=0, 1=0, 2=0, 3=0, 4=0, 5=0, 6=5, 7=0, 8=0, 9=0, 10=0}, {0=0, 1=0, 2=0, 3=0, 4=0, 5=0, 6=0, 7=4, 8=0, 9=0, 10=0}, {0=0, 1=0, 2=0, 3=83, 4=0, 5=0, 6=0, 7=0, 8=0, 9=0, 10=0}, {0=0, 1=0, 2=0, 3=0, 4=4, 5=0, 6=0, 7=0, 8=0, 9=0, 10=0}, {0=0, 1=0, 2=0, 3=0, 4=0, 5=4, 6=0, 7=0, 8=0, 9=0, 10=0}, {0=0, 1=0, 2=0, 3=0, 4=0, 5=0, 6=0, 7=0, 8=0, 9=0, 10=0}]
[{0=0, 1=0, 2=0, 3=0, 4=0, 5=0, 6=0, 7=0, 8=0, 9=0, 10=0}, {0=0, 1=0, 2=0, 3=0, 4=0, 5=0, 6=0, 7=0, 8=0, 9=90, 10=0}, {0=0, 1=0, 2=0, 3=0, 4=0, 5=0, 6=0, 7=0, 8=0, 9=36, 10=0}, {0=0, 1=0, 2=0, 3=105, 4=0, 5=0, 6=0, 7=0, 8=0, 9=0, 10=0}, {0=0, 1=0, 2=0, 3=0, 4=0, 5=0, 6=0, 7=0, 8=0, 9=0, 10=0}, {0=0, 1=0, 2=0, 3=0, 4=0, 5=0, 6=0, 7=0, 8=0, 9=0, 10=0}, {0=0, 1=0, 2=0, 3=0, 4=0, 5=0, 6=0, 7=0, 8=0, 9=0, 10=0}, {0=0, 1=0, 2=0, 3=0, 4=0, 5=0, 6=0, 7=0, 8=0, 9=0, 10=0}, {0=0, 1=0, 2=0, 3=0, 4=0, 5=0, 6=0, 7=0, 8=0, 9=0, 10=0}, {0=0, 1=0, 2=0, 3=0, 4=0, 5=0, 6=0, 7=0, 8=0, 9=0, 10=0}, {0=0, 1=0, 2=0, 3=0, 4=0, 5=0, 6=0, 7=0, 8=0, 9=0, 10=0}]
[{0=0, 1=0, 2=0, 3=0, 4=0, 5=0, 6=0, 7=0, 8=0, 9=0, 10=0}, {0=0, 1=0, 2=0, 3=0, 4=0, 5=0, 6=0, 7=0, 8=0, 9=0, 10=30}, {0=0, 1=0, 2=0, 3=0, 4=0, 5=0, 6=0, 7=0, 8=0, 9=0, 10=36}, {0=0, 1=0, 2=0, 3=115, 4=0, 5=0, 6=0, 7=0, 8=0, 9=0, 10=0}, {0=0, 1=0, 2=0, 3=0, 4=0, 5=0, 6=0, 7=0, 8=0, 9=0, 10=0}, {0=0, 1=0, 2=0, 3=0, 4=0, 5=0, 6=0, 7=0, 8=0, 9=0, 10=0}, {0=0, 1=0, 2=0, 3=0, 4=0, 5=0, 6=0, 7=0, 8=0, 9=0, 10=0}, {0=0, 1=0, 2=0, 3=0, 4=0, 5=0, 6=0, 7=0, 8=0, 9=0, 10=0}, {0=0, 1=0, 2=0, 3=0, 4=0, 5=0, 6=0, 7=0, 8=0, 9=0, 10=0}, {0=0, 1=0, 2=0, 3=0, 4=0, 5=0, 6=0, 7=0, 8=0, 9=0, 10=0}, {0=0, 1=0, 2=0, 3=0, 4=0, 5=0, 6=0, 7=0, 8=0, 9=0, 10=0}]
[{0=0, 1=0, 2=0, 3=0, 4=0, 5=0, 6=0, 7=0, 8=0, 9=0, 10=0}, {0=0, 1=0, 2=0, 3=0, 4=0, 5=0, 6=0, 7=0, 8=0, 9=73, 10=0}, {0=0, 1=0, 2=0, 3=0, 4=0, 5=0, 6=0, 7=0, 8=0, 9=0, 10=40}, {0=0, 1=0, 2=0, 3=118, 4=0, 5=0, 6=0, 7=0, 8=0, 9=0, 10=0}, {0=0, 1=0, 2=0, 3=0, 4=0, 5=0, 6=0, 7=0, 8=0, 9=0, 10=0}, {0=0, 1=0, 2=0, 3=0, 4=0, 5=0, 6=0, 7=0, 8=0, 9=0, 10=0}, {0=0, 1=0, 2=0, 3=0, 4=0, 5=0, 6=0, 7=0, 8=0, 9=0, 10=0}, {0=0, 1=0, 2=0, 3=0, 4=0, 5=0, 6=0, 7=0, 8=0, 9=0, 10=0}, {0=0, 1=0, 2=0, 3=0, 4=0, 5=0, 6=0, 7=0, 8=0, 9=0, 10=0}, {0=0, 1=0, 2=0, 3=0, 4=0, 5=0, 6=0, 7=0, 8=0, 9=0, 10=0}, {0=0, 1=0, 2=0, 3=0, 4=0, 5=0, 6=0, 7=0, 8=0, 9=0, 10=0}]
[{0=0, 1=0, 2=0, 3=0, 4=0, 5=0, 6=0, 7=0, 8=0, 9=0, 10=0}, {0=0, 1=0, 2=0, 3=0, 4=0, 5=0, 6=0, 7=0, 8=0, 9=0, 10=73}, {0=0, 1=0, 2=0, 3=0, 4=0, 5=0, 6=0, 7=0, 8=0, 9=0, 10=35}, {0=0, 1=0, 2=0, 3=0, 4=0, 5=0, 6=0, 7=0, 8=12, 9=0, 10=0}, {0=0, 1=0, 2=0, 3=0, 4=0, 5=3, 6=0, 7=0, 8=0, 9=0, 10=0}, {0=0, 1=0, 2=0, 3=0, 4=0, 5=0, 6=0, 7=0, 8=0, 9=5, 10=0}, {0=0, 1=0, 2=0, 3=0, 4=0, 5=0, 6=0, 7=3, 8=0, 9=0, 10=0}, {0=0, 1=0, 2=0, 3=83, 4=0, 5=0, 6=0, 7=0, 8=0, 9=0, 10=0}, {0=0, 1=0, 2=0, 3=0, 4=10, 5=0, 6=0, 7=0, 8=0, 9=0, 10=0}, {0=0, 1=0, 2=0, 3=0, 4=0, 5=7, 6=0, 7=0, 8=0, 9=0, 10=0}, {0=0, 1=0, 2=0, 3=0, 4=0, 5=0, 6=0, 7=0, 8=0, 9=0, 10=0}]
[{0=0, 1=0, 2=0, 3=0, 4=0, 5=0, 6=0, 7=0, 8=0, 9=0, 10=0}, {0=0, 1=0, 2=0, 3=0, 4=0, 5=0, 6=0, 7=0, 8=0, 9=0, 10=65}, {0=0, 1=0, 2=0, 3=0, 4=0, 5=0, 6=0, 7=0, 8=0, 9=0, 10=48}, {0=0, 1=0, 2=0, 3=0, 4=0, 5=0, 6=0, 7=0, 8=12, 9=0, 10=0}, {0=0, 1=0, 2=0, 3=0, 4=0, 5=3, 6=0, 7=0, 8=0, 9=0, 10=0}, {0=0, 1=0, 2=0, 3=0, 4=0, 5=0, 6=0, 7=0, 8=0, 9=5, 10=0}, {0=0, 1=0, 2=0, 3=0, 4=0, 5=0, 6=0, 7=1, 8=0, 9=0, 10=0}, {0=0, 1=0, 2=0, 3=3, 4=0, 5=0, 6=0, 7=0, 8=0, 9=0, 10=0}, {0=0, 1=0, 2=98, 3=0, 4=0, 5=0, 6=0, 7=0, 8=0, 9=0, 10=0}, {0=0, 1=0, 2=0, 3=0, 4=0, 5=46, 6=0, 7=0, 8=0, 9=0, 10=0}, {0=0, 1=0, 2=0, 3=0, 4=0, 5=0, 6=0, 7=0, 8=0, 9=0, 10=0}]
[{0=5, 1=2, 2=1, 3=2, 4=3, 5=4, 6=0, 7=1, 8=4, 9=2, 10=2}, {0=0, 1=0, 2=0, 3=0, 4=0, 5=0, 6=0, 7=0, 8=0, 9=0, 10=232}, {0=0, 1=0, 2=0, 3=0, 4=0, 5=0, 6=0, 7=0, 8=0, 9=447, 10=0}, {0=0, 1=0, 2=0, 3=0, 4=0, 5=0, 6=0, 7=0, 8=188, 9=0, 10=0}, {0=0, 1=0, 2=0, 3=0, 4=0, 5=65, 6=0, 7=0, 8=0, 9=0, 10=0}, {0=0, 1=0, 2=0, 3=0, 4=0, 5=0, 6=0, 7=0, 8=0, 9=54, 10=0}, {0=0, 1=0, 2=0, 3=0, 4=0, 5=0, 6=0, 7=71, 8=0, 9=0, 10=0}, {0=0, 1=0, 2=0, 3=0, 4=0, 5=0, 6=0, 7=114, 8=0, 9=0, 10=0}, {0=0, 1=0, 2=0, 3=0, 4=0, 5=0, 6=0, 7=0, 8=0, 9=0, 10=112}, {0=0, 1=0, 2=0, 3=0, 4=0, 5=538, 6=0, 7=0, 8=0, 9=0, 10=0}, {0=2, 1=2, 2=0, 3=0, 4=1, 5=1, 6=0, 7=1, 8=1, 9=0, 10=1}]
[{0=2, 1=4, 2=4, 3=8, 4=4, 5=4, 6=4, 7=3, 8=5, 9=2, 10=2}, {0=0, 1=0, 2=0, 3=0, 4=0, 5=0, 6=0, 7=0, 8=0, 9=0, 10=228}, {0=0, 1=0, 2=0, 3=0, 4=0, 5=0, 6=0, 7=0, 8=0, 9=0, 10=132}, {0=0, 1=0, 2=0, 3=0, 4=0, 5=0, 6=0, 7=0, 8=0, 9=0, 10=48}, {0=0, 1=0, 2=0, 3=0, 4=0, 5=57, 6=0, 7=0, 8=0, 9=0, 10=0}, {0=0, 1=0, 2=0, 3=0, 4=0, 5=0, 6=0, 7=0, 8=0, 9=58, 10=0}, {0=0, 1=0, 2=0, 3=0, 4=0, 5=0, 6=0, 7=55, 8=0, 9=0, 10=0}, {0=0, 1=0, 2=0, 3=0, 4=0, 5=0, 6=0, 7=0, 8=0, 9=66, 10=0}, {0=0, 1=0, 2=0, 3=0, 4=0, 5=0, 6=0, 7=0, 8=0, 9=0, 10=53}, {0=0, 1=0, 2=0, 3=0, 4=0, 5=0, 6=0, 7=0, 8=0, 9=0, 10=198}, {0=1, 1=0, 2=1, 3=1, 4=0, 5=0, 6=2, 7=1, 8=1, 9=0, 10=0}]
[{0=1, 1=1, 2=5, 3=1, 4=0, 5=2, 6=5, 7=0, 8=0, 9=3, 10=0}, {0=0, 1=0, 2=0, 3=0, 4=0, 5=0, 6=0, 7=0, 8=0, 9=0, 10=223}, {0=0, 1=0, 2=0, 3=0, 4=0, 5=0, 6=0, 7=0, 8=0, 9=0, 10=311}, {0=0, 1=0, 2=0, 3=0, 4=0, 5=0, 6=0, 7=0, 8=0, 9=0, 10=170}, {0=0, 1=0, 2=0, 3=0, 4=0, 5=66, 6=0, 7=0, 8=0, 9=0, 10=0}, {0=0, 1=0, 2=0, 3=0, 4=0, 5=0, 6=60, 7=0, 8=0, 9=0, 10=0}, {0=0, 1=0, 2=0, 3=0, 4=0, 5=0, 6=0, 7=68, 8=0, 9=0, 10=0}, {0=0, 1=0, 2=0, 3=0, 4=0, 5=0, 6=0, 7=0, 8=0, 9=64, 10=0}, {0=0, 1=0, 2=0, 3=0, 4=0, 5=0, 6=0, 7=0, 8=0, 9=68, 10=0}, {0=0, 1=0, 2=0, 3=0, 4=0, 5=0, 6=0, 7=0, 8=0, 9=0, 10=199}, {0=1, 1=0, 2=1, 3=0, 4=0, 5=0, 6=0, 7=1, 8=0, 9=2, 10=0}]
[{0=1, 1=1, 2=4, 3=2, 4=2, 5=4, 6=1, 7=0, 8=0, 9=1, 10=3}, {0=0, 1=0, 2=0, 3=0, 4=0, 5=0, 6=0, 7=0, 8=0, 9=239, 10=0}, {0=0, 1=0, 2=0, 3=0, 4=0, 5=0, 6=0, 7=0, 8=0, 9=373, 10=0}, {0=0, 1=0, 2=0, 3=0, 4=0, 5=0, 6=0, 7=0, 8=0, 9=0, 10=169}, {0=0, 1=0, 2=0, 3=0, 4=0, 5=64, 6=0, 7=0, 8=0, 9=0, 10=0}, {0=0, 1=0, 2=0, 3=0, 4=0, 5=0, 6=73, 7=0, 8=0, 9=0, 10=0}, {0=0, 1=0, 2=0, 3=0, 4=0, 5=0, 6=0, 7=69, 8=0, 9=0, 10=0}, {0=0, 1=0, 2=0, 3=0, 4=0, 5=0, 6=0, 7=0, 8=0, 9=73, 10=0}, {0=0, 1=0, 2=0, 3=0, 4=0, 5=0, 6=0, 7=0, 8=78, 9=0, 10=0}, {0=0, 1=0, 2=0, 3=0, 4=0, 5=0, 6=0, 7=0, 8=0, 9=224, 10=0}, {0=0, 1=0, 2=2, 3=1, 4=0, 5=1, 6=1, 7=0, 8=1, 9=1, 10=0}]
[{0=1, 1=4, 2=1, 3=2, 4=1, 5=2, 6=3, 7=1, 8=0, 9=0, 10=5}, {0=0, 1=0, 2=0, 3=0, 4=0, 5=0, 6=0, 7=0, 8=0, 9=238, 10=0}, {0=0, 1=0, 2=0, 3=0, 4=0, 5=0, 6=0, 7=0, 8=0, 9=0, 10=348}, {0=0, 1=0, 2=0, 3=0, 4=0, 5=0, 6=0, 7=0, 8=0, 9=117, 10=0}, {0=0, 1=0, 2=0, 3=0, 4=0, 5=73, 6=0, 7=0, 8=0, 9=0, 10=0}, {0=0, 1=0, 2=0, 3=0, 4=0, 5=0, 6=61, 7=0, 8=0, 9=0, 10=0}, {0=0, 1=0, 2=0, 3=0, 4=0, 5=0, 6=0, 7=70, 8=0, 9=0, 10=0}, {0=0, 1=0, 2=0, 3=0, 4=0, 5=0, 6=0, 7=0, 8=0, 9=69, 10=0}, {0=0, 1=0, 2=0, 3=0, 4=0, 5=0, 6=0, 7=0, 8=0, 9=0, 10=71}, {0=0, 1=0, 2=0, 3=0, 4=0, 5=0, 6=0, 7=0, 8=0, 9=202, 10=0}, {0=1, 1=0, 2=1, 3=1, 4=1, 5=0, 6=1, 7=0, 8=1, 9=0, 10=0}]
[{0=2, 1=2, 2=1, 3=2, 4=3, 5=2, 6=3, 7=1, 8=2, 9=0, 10=2}, {0=0, 1=0, 2=0, 3=0, 4=0, 5=0, 6=0, 7=0, 8=0, 9=0, 10=270}, {0=0, 1=0, 2=0, 3=0, 4=0, 5=0, 6=0, 7=0, 8=0, 9=342, 10=0}, {0=0, 1=0, 2=0, 3=0, 4=0, 5=0, 6=0, 7=0, 8=0, 9=109, 10=0}, {0=0, 1=0, 2=0, 3=0, 4=0, 5=74, 6=0, 7=0, 8=0, 9=0, 10=0}, {0=0, 1=0, 2=0, 3=0, 4=0, 5=0, 6=0, 7=0, 8=0, 9=60, 10=0}, {0=0, 1=0, 2=0, 3=0, 4=0, 5=0, 6=0, 7=66, 8=0, 9=0, 10=0}, {0=0, 1=0, 2=0, 3=0, 4=0, 5=0, 6=0, 7=0, 8=0, 9=0, 10=67}, {0=0, 1=0, 2=0, 3=0, 4=0, 5=0, 6=0, 7=0, 8=0, 9=0, 10=54}, {0=0, 1=0, 2=0, 3=0, 4=0, 5=0, 6=0, 7=0, 8=0, 9=0, 10=198}, {0=2, 1=1, 2=1, 3=0, 4=1, 5=1, 6=0, 7=0, 8=0, 9=0, 10=0}]
[{0=2, 1=5, 2=0, 3=0, 4=1, 5=1, 6=2, 7=2, 8=1, 9=4, 10=0}, {0=0, 1=0, 2=0, 3=0, 4=0, 5=0, 6=0, 7=0, 8=0, 9=0, 10=209}, {0=0, 1=0, 2=0, 3=0, 4=0, 5=0, 6=0, 7=0, 8=0, 9=359, 10=0}, {0=0, 1=0, 2=0, 3=0, 4=0, 5=0, 6=0, 7=0, 8=0, 9=0, 10=95}, {0=0, 1=0, 2=0, 3=0, 4=0, 5=75, 6=0, 7=0, 8=0, 9=0, 10=0}, {0=0, 1=0, 2=0, 3=0, 4=0, 5=0, 6=0, 7=0, 8=0, 9=59, 10=0}, {0=0, 1=0, 2=0, 3=0, 4=0, 5=0, 6=0, 7=62, 8=0, 9=0, 10=0}, {0=0, 1=0, 2=0, 3=0, 4=0, 5=0, 6=0, 7=0, 8=0, 9=0, 10=64}, {0=0, 1=0, 2=0, 3=0, 4=0, 5=0, 6=0, 7=0, 8=0, 9=0, 10=52}, {0=0, 1=0, 2=0, 3=0, 4=0, 5=0, 6=0, 7=0, 8=0, 9=0, 10=192}, {0=1, 1=0, 2=0, 3=0, 4=0, 5=0, 6=1, 7=0, 8=1, 9=1, 10=2}]
[{0=13, 1=8, 2=9, 3=6, 4=5, 5=8, 6=5, 7=4, 8=7, 9=14, 10=5}, {0=0, 1=0, 2=0, 3=0, 4=0, 5=0, 6=0, 7=0, 8=0, 9=0, 10=340}, {0=0, 1=0, 2=0, 3=0, 4=0, 5=0, 6=0, 7=0, 8=0, 9=341, 10=0}, {0=0, 1=0, 2=0, 3=0, 4=0, 5=0, 6=0, 7=0, 8=0, 9=0, 10=90}, {0=0, 1=0, 2=0, 3=0, 4=0, 5=59, 6=0, 7=0, 8=0, 9=0, 10=0}, {0=0, 1=0, 2=0, 3=0, 4=0, 5=0, 6=0, 7=0, 8=0, 9=75, 10=0}, {0=0, 1=0, 2=0, 3=0, 4=0, 5=0, 6=0, 7=75, 8=0, 9=0, 10=0}, {0=0, 1=0, 2=0, 3=0, 4=0, 5=0, 6=0, 7=0, 8=0, 9=0, 10=55}, {0=0, 1=0, 2=0, 3=0, 4=0, 5=0, 6=0, 7=0, 8=0, 9=61, 10=0}, {0=0, 1=0, 2=0, 3=0, 4=0, 5=0, 6=0, 7=0, 8=0, 9=217, 10=0}, {0=12, 1=15, 2=14, 3=17, 4=10, 5=16, 6=13, 7=21, 8=13, 9=20, 10=13}]
[{0=7, 1=9, 2=3, 3=4, 4=4, 5=7, 6=6, 7=7, 8=1, 9=7, 10=8}, {0=0, 1=0, 2=0, 3=0, 4=0, 5=0, 6=0, 7=0, 8=0, 9=0, 10=345}, {0=0, 1=0, 2=0, 3=0, 4=0, 5=0, 6=0, 7=0, 8=0, 9=0, 10=265}, {0=0, 1=0, 2=0, 3=0, 4=0, 5=0, 6=0, 7=0, 8=0, 9=80, 10=0}, {0=0, 1=0, 2=0, 3=0, 4=0, 5=67, 6=0, 7=0, 8=0, 9=0, 10=0}, {0=0, 1=0, 2=0, 3=0, 4=0, 5=0, 6=0, 7=0, 8=0, 9=63, 10=0}, {0=0, 1=0, 2=0, 3=0, 4=0, 5=0, 6=0, 7=61, 8=0, 9=0, 10=0}, {0=0, 1=0, 2=0, 3=0, 4=0, 5=0, 6=0, 7=0, 8=0, 9=0, 10=74}, {0=0, 1=0, 2=0, 3=0, 4=0, 5=0, 6=0, 7=0, 8=0, 9=0, 10=57}, {0=0, 1=0, 2=0, 3=0, 4=0, 5=0, 6=0, 7=0, 8=0, 9=204, 10=0}, {0=13, 1=6, 2=13, 3=9, 4=10, 5=13, 6=11, 7=13, 8=11, 9=10, 10=13}]
[{0=0, 1=4, 2=5, 3=2, 4=4, 5=1, 6=2, 7=1, 8=0, 9=1, 10=1}, {0=0, 1=0, 2=0, 3=0, 4=0, 5=0, 6=0, 7=0, 8=0, 9=325, 10=0}, {0=0, 1=0, 2=0, 3=0, 4=0, 5=0, 6=0, 7=0, 8=0, 9=316, 10=0}, {0=0, 1=0, 2=0, 3=0, 4=0, 5=0, 6=0, 7=0, 8=0, 9=93, 10=0}, {0=0, 1=0, 2=0, 3=0, 4=0, 5=0, 6=0, 7=0, 8=0, 9=76, 10=0}, {0=0, 1=0, 2=0, 3=0, 4=0, 5=0, 6=0, 7=0, 8=0, 9=52, 10=0}, {0=0, 1=0, 2=0, 3=0, 4=0, 5=0, 6=0, 7=57, 8=0, 9=0, 10=0}, {0=0, 1=0, 2=0, 3=0, 4=0, 5=0, 6=0, 7=0, 8=0, 9=0, 10=57}, {0=0, 1=0, 2=0, 3=0, 4=0, 5=0, 6=0, 7=0, 8=0, 9=0, 10=58}, {0=0, 1=0, 2=0, 3=0, 4=0, 5=0, 6=0, 7=0, 8=0, 9=0, 10=192}, {0=1, 1=1, 2=0, 3=1, 4=0, 5=0, 6=0, 7=0, 8=1, 9=2, 10=0}]
[{0=10, 1=7, 2=9, 3=5, 4=11, 5=6, 6=9, 7=7, 8=8, 9=6, 10=6}, {0=0, 1=0, 2=0, 3=0, 4=0, 5=0, 6=0, 7=0, 8=0, 9=0, 10=331}, {0=0, 1=0, 2=0, 3=0, 4=0, 5=0, 6=0, 7=0, 8=0, 9=0, 10=324}, {0=0, 1=0, 2=0, 3=0, 4=0, 5=0, 6=0, 7=0, 8=0, 9=97, 10=0}, {0=0, 1=0, 2=0, 3=0, 4=0, 5=0, 6=0, 7=0, 8=0, 9=69, 10=0}, {0=0, 1=0, 2=0, 3=0, 4=0, 5=0, 6=0, 7=0, 8=0, 9=65, 10=0}, {0=0, 1=0, 2=0, 3=0, 4=0, 5=0, 6=0, 7=78, 8=0, 9=0, 10=0}, {0=0, 1=0, 2=0, 3=0, 4=0, 5=0, 6=0, 7=0, 8=0, 9=0, 10=86}, {0=0, 1=0, 2=0, 3=0, 4=0, 5=0, 6=0, 7=0, 8=0, 9=0, 10=96}, {0=0, 1=0, 2=0, 3=0, 4=0, 5=305, 6=0, 7=0, 8=0, 9=0, 10=0}, {0=0, 1=2, 2=1, 3=0, 4=2, 5=0, 6=0, 7=0, 8=0, 9=1, 10=1}]
[{0=0, 1=4, 2=5, 3=3, 4=3, 5=4, 6=3, 7=2, 8=0, 9=1, 10=4}, {0=0, 1=0, 2=0, 3=0, 4=0, 5=0, 6=0, 7=0, 8=0, 9=0, 10=328}, {0=0, 1=0, 2=0, 3=0, 4=0, 5=0, 6=0, 7=0, 8=0, 9=316, 10=0}, {0=0, 1=0, 2=0, 3=0, 4=0, 5=0, 6=0, 7=0, 8=0, 9=91, 10=0}, {0=0, 1=0, 2=0, 3=0, 4=0, 5=0, 6=0, 7=0, 8=0, 9=52, 10=0}, {0=0, 1=0, 2=0, 3=0, 4=0, 5=0, 6=0, 7=0, 8=0, 9=65, 10=0}, {0=0, 1=0, 2=0, 3=0, 4=0, 5=0, 6=0, 7=61, 8=0, 9=0, 10=0}, {0=0, 1=0, 2=0, 3=0, 4=0, 5=0, 6=0, 7=75, 8=0, 9=0, 10=0}, {0=0, 1=0, 2=0, 3=0, 4=0, 5=0, 6=0, 7=0, 8=0, 9=0, 10=60}, {0=0, 1=0, 2=0, 3=0, 4=0, 5=0, 6=0, 7=0, 8=0, 9=224, 10=0}, {0=0, 1=0, 2=0, 3=1, 4=2, 5=0, 6=0, 7=0, 8=1, 9=1, 10=1}]
[{0=7, 1=2, 2=6, 3=7, 4=3, 5=6, 6=10, 7=7, 8=7, 9=6, 10=5}, {0=0, 1=0, 2=0, 3=0, 4=0, 5=0, 6=0, 7=0, 8=0, 9=0, 10=212}, {0=0, 1=0, 2=0, 3=0, 4=0, 5=0, 6=0, 7=0, 8=0, 9=0, 10=127}, {0=0, 1=0, 2=0, 3=0, 4=0, 5=0, 6=0, 7=0, 8=0, 9=0, 10=54}, {0=0, 1=0, 2=0, 3=0, 4=0, 5=0, 6=0, 7=0, 8=0, 9=57, 10=0}, {0=0, 1=0, 2=0, 3=0, 4=0, 5=0, 6=0, 7=0, 8=0, 9=0, 10=54}, {0=0, 1=0, 2=0, 3=0, 4=0, 5=0, 6=0, 7=51, 8=0, 9=0, 10=0}, {0=0, 1=0, 2=0, 3=0, 4=0, 5=0, 6=0, 7=0, 8=0, 9=65, 10=0}, {0=0, 1=0, 2=0, 3=0, 4=0, 5=0, 6=0, 7=0, 8=0, 9=0, 10=49}, {0=0, 1=0, 2=0, 3=0, 4=0, 5=0, 6=0, 7=0, 8=0, 9=0, 10=194}, {0=1, 1=1, 2=1, 3=2, 4=1, 5=1, 6=0, 7=0, 8=0, 9=0, 10=0}]
[{0=0, 1=0, 2=0, 3=0, 4=0, 5=0, 6=0, 7=0, 8=0, 9=0, 10=0}, {0=0, 1=0, 2=0, 3=0, 4=0, 5=24, 6=0, 7=0, 8=0, 9=0, 10=0}, {0=0, 1=0, 2=0, 3=0, 4=0, 5=2499, 6=0, 7=0, 8=0, 9=0, 10=0}, {0=0, 1=0, 2=0, 3=0, 4=0, 5=0, 6=0, 7=0, 8=0, 9=0, 10=8}, {0=0, 1=0, 2=0, 3=0, 4=0, 5=0, 6=0, 7=0, 8=0, 9=0, 10=0}, {0=0, 1=0, 2=0, 3=0, 4=0, 5=0, 6=0, 7=0, 8=0, 9=0, 10=0}, {0=0, 1=0, 2=0, 3=0, 4=0, 5=0, 6=0, 7=0, 8=0, 9=0, 10=0}, {0=0, 1=0, 2=0, 3=0, 4=0, 5=0, 6=0, 7=0, 8=0, 9=0, 10=0}, {0=0, 1=0, 2=0, 3=0, 4=0, 5=0, 6=0, 7=0, 8=0, 9=0, 10=0}, {0=0, 1=0, 2=0, 3=0, 4=0, 5=0, 6=0, 7=0, 8=0, 9=0, 10=0}, {0=0, 1=0, 2=0, 3=0, 4=0, 5=0, 6=0, 7=0, 8=0, 9=0, 10=0}]
[{0=4, 1=1, 2=2, 3=0, 4=1, 5=0, 6=4, 7=2, 8=1, 9=0, 10=4}, {0=0, 1=0, 2=0, 3=0, 4=0, 5=0, 6=0, 7=0, 8=0, 9=315, 10=0}, {0=0, 1=0, 2=0, 3=0, 4=0, 5=0, 6=0, 7=0, 8=0, 9=0, 10=365}, {0=0, 1=0, 2=0, 3=0, 4=0, 5=0, 6=0, 7=0, 8=0, 9=0, 10=82}, {0=0, 1=0, 2=0, 3=0, 4=0, 5=0, 6=0, 7=0, 8=0, 9=0, 10=60}, {0=0, 1=0, 2=0, 3=0, 4=0, 5=0, 6=0, 7=0, 8=0, 9=0, 10=72}, {0=73, 1=0, 2=0, 3=0, 4=0, 5=0, 6=0, 7=0, 8=0, 9=0, 10=0}, {0=0, 1=0, 2=0, 3=0, 4=0, 5=0, 6=0, 7=0, 8=84, 9=0, 10=0}, {0=0, 1=0, 2=0, 3=0, 4=0, 5=0, 6=0, 7=0, 8=0, 9=0, 10=78}, {0=0, 1=0, 2=0, 3=0, 4=0, 5=0, 6=0, 7=0, 8=257, 9=0, 10=0}, {0=2, 1=0, 2=1, 3=0, 4=0, 5=0, 6=0, 7=1, 8=0, 9=1, 10=1}]
[{0=3, 1=2, 2=4, 3=3, 4=7, 5=5, 6=0, 7=1, 8=2, 9=2, 10=2}, {0=0, 1=0, 2=0, 3=0, 4=0, 5=0, 6=0, 7=0, 8=0, 9=0, 10=198}, {0=0, 1=0, 2=0, 3=0, 4=0, 5=0, 6=0, 7=0, 8=0, 9=0, 10=171}, {0=0, 1=0, 2=0, 3=0, 4=0, 5=0, 6=0, 7=0, 8=0, 9=0, 10=59}, {0=0, 1=0, 2=0, 3=0, 4=0, 5=0, 6=0, 7=0, 8=0, 9=50, 10=0}, {0=0, 1=0, 2=0, 3=0, 4=0, 5=0, 6=0, 7=0, 8=63, 9=0, 10=0}, {0=0, 1=0, 2=0, 3=0, 4=0, 5=0, 6=0, 7=0, 8=0, 9=0, 10=77}, {0=0, 1=0, 2=0, 3=0, 4=0, 5=0, 6=0, 7=79, 8=0, 9=0, 10=0}, {0=0, 1=0, 2=0, 3=0, 4=0, 5=0, 6=0, 7=0, 8=0, 9=0, 10=62}, {0=0, 1=0, 2=0, 3=0, 4=0, 5=0, 6=0, 7=0, 8=254, 9=0, 10=0}, {0=2, 1=2, 2=3, 3=1, 4=1, 5=5, 6=2, 7=1, 8=1, 9=3, 10=1}]
[{0=1, 1=3, 2=6, 3=2, 4=3, 5=1, 6=5, 7=1, 8=3, 9=6, 10=4}, {0=0, 1=0, 2=0, 3=0, 4=0, 5=0, 6=0, 7=0, 8=0, 9=0, 10=163}, {0=0, 1=0, 2=0, 3=0, 4=0, 5=0, 6=0, 7=0, 8=0, 9=126, 10=0}, {0=0, 1=0, 2=0, 3=0, 4=0, 5=0, 6=0, 7=0, 8=0, 9=0, 10=46}, {0=0, 1=0, 2=0, 3=0, 4=0, 5=0, 6=0, 7=0, 8=0, 9=0, 10=52}, {0=0, 1=0, 2=0, 3=0, 4=0, 5=0, 6=0, 7=0, 8=0, 9=0, 10=46}, {0=0, 1=0, 2=0, 3=0, 4=0, 5=0, 6=0, 7=0, 8=58, 9=0, 10=0}, {0=0, 1=0, 2=0, 3=0, 4=0, 5=0, 6=0, 7=0, 8=0, 9=0, 10=59}, {0=0, 1=0, 2=0, 3=0, 4=0, 5=0, 6=0, 7=0, 8=0, 9=0, 10=42}, {0=0, 1=0, 2=0, 3=0, 4=0, 5=0, 6=0, 7=0, 8=0, 9=0, 10=188}, {0=3, 1=2, 2=4, 3=1, 4=4, 5=2, 6=4, 7=1, 8=3, 9=3, 10=1}]
[{0=2, 1=1, 2=0, 3=2, 4=1, 5=2, 6=3, 7=4, 8=0, 9=2, 10=3}, {0=0, 1=0, 2=0, 3=0, 4=0, 5=0, 6=0, 7=0, 8=0, 9=0, 10=253}, {0=0, 1=0, 2=0, 3=0, 4=0, 5=0, 6=0, 7=0, 8=0, 9=0, 10=105}, {0=0, 1=0, 2=0, 3=0, 4=0, 5=0, 6=0, 7=0, 8=0, 9=0, 10=76}, {0=0, 1=0, 2=0, 3=0, 4=0, 5=0, 6=0, 7=0, 8=0, 9=45, 10=0}, {0=0, 1=0, 2=0, 3=0, 4=0, 5=0, 6=0, 7=0, 8=0, 9=0, 10=67}, {0=0, 1=0, 2=0, 3=0, 4=0, 5=0, 6=0, 7=0, 8=57, 9=0, 10=0}, {0=0, 1=0, 2=0, 3=0, 4=0, 5=0, 6=56, 7=0, 8=0, 9=0, 10=0}, {0=0, 1=0, 2=0, 3=0, 4=0, 5=0, 6=0, 7=0, 8=0, 9=60, 10=0}, {0=0, 1=0, 2=0, 3=0, 4=0, 5=0, 6=0, 7=0, 8=0, 9=218, 10=0}, {0=0, 1=0, 2=0, 3=0, 4=0, 5=1, 6=2, 7=1, 8=1, 9=1, 10=1}]
[{0=0, 1=0, 2=0, 3=0, 4=0, 5=0, 6=0, 7=19, 8=0, 9=0, 10=0}, {0=0, 1=0, 2=0, 3=0, 4=0, 5=0, 6=211, 7=0, 8=0, 9=0, 10=0}, {0=0, 1=0, 2=0, 3=0, 4=0, 5=0, 6=0, 7=0, 8=0, 9=0, 10=382}, {0=0, 1=0, 2=0, 3=0, 4=0, 5=0, 6=0, 7=0, 8=0, 9=0, 10=109}, {0=0, 1=0, 2=0, 3=0, 4=0, 5=0, 6=0, 7=0, 8=0, 9=0, 10=71}, {0=0, 1=0, 2=0, 3=0, 4=0, 5=0, 6=0, 7=0, 8=0, 9=0, 10=69}, {0=0, 1=0, 2=0, 3=0, 4=0, 5=0, 6=0, 7=0, 8=0, 9=52, 10=0}, {0=0, 1=0, 2=0, 3=0, 4=0, 5=0, 6=0, 7=0, 8=0, 9=0, 10=71}, {0=0, 1=0, 2=0, 3=0, 4=0, 5=0, 6=0, 7=0, 8=0, 9=0, 10=54}, {0=0, 1=0, 2=0, 3=0, 4=0, 5=0, 6=0, 7=0, 8=0, 9=176, 10=0}, {0=0, 1=0, 2=0, 3=6, 4=0, 5=0, 6=0, 7=0, 8=0, 9=0, 10=0}]
[{0=0, 1=0, 2=0, 3=0, 4=0, 5=0, 6=0, 7=31, 8=0, 9=0, 10=0}, {0=0, 1=0, 2=0, 3=0, 4=0, 5=0, 6=0, 7=0, 8=0, 9=0, 10=298}, {0=0, 1=0, 2=0, 3=0, 4=0, 5=0, 6=353, 7=0, 8=0, 9=0, 10=0}, {0=0, 1=0, 2=0, 3=0, 4=0, 5=0, 6=0, 7=0, 8=0, 9=180, 10=0}, {0=0, 1=0, 2=0, 3=0, 4=0, 5=0, 6=0, 7=0, 8=0, 9=78, 10=0}, {0=0, 1=0, 2=0, 3=0, 4=0, 5=0, 6=0, 7=0, 8=0, 9=0, 10=64}, {0=0, 1=0, 2=0, 3=0, 4=0, 5=0, 6=0, 7=0, 8=0, 9=76, 10=0}, {0=0, 1=0, 2=0, 3=0, 4=0, 5=0, 6=0, 7=0, 8=0, 9=0, 10=64}, {0=0, 1=0, 2=0, 3=0, 4=0, 5=0, 6=0, 7=0, 8=0, 9=0, 10=76}, {0=0, 1=0, 2=0, 3=0, 4=0, 5=0, 6=0, 7=0, 8=233, 9=0, 10=0}, {0=0, 1=0, 2=0, 3=11, 4=0, 5=0, 6=0, 7=0, 8=0, 9=0, 10=0}]
[{0=0, 1=0, 2=0, 3=0, 4=0, 5=0, 6=0, 7=37, 8=0, 9=0, 10=0}, {0=0, 1=0, 2=0, 3=0, 4=0, 5=0, 6=0, 7=0, 8=0, 9=0, 10=103}, {0=0, 1=0, 2=0, 3=0, 4=0, 5=0, 6=0, 7=0, 8=0, 9=0, 10=130}, {0=0, 1=0, 2=0, 3=0, 4=0, 5=0, 6=0, 7=0, 8=0, 9=0, 10=59}, {0=0, 1=0, 2=0, 3=0, 4=0, 5=0, 6=0, 7=0, 8=0, 9=0, 10=36}, {0=0, 1=0, 2=0, 3=0, 4=0, 5=0, 6=0, 7=0, 8=0, 9=0, 10=46}, {0=0, 1=0, 2=0, 3=0, 4=0, 5=0, 6=0, 7=0, 8=0, 9=54, 10=0}, {0=0, 1=0, 2=0, 3=0, 4=0, 5=0, 6=0, 7=0, 8=0, 9=61, 10=0}, {0=0, 1=0, 2=0, 3=0, 4=0, 5=0, 6=0, 7=0, 8=0, 9=0, 10=49}, {0=0, 1=0, 2=0, 3=0, 4=0, 5=0, 6=0, 7=0, 8=0, 9=0, 10=173}, {0=0, 1=0, 2=0, 3=19, 4=0, 5=0, 6=0, 7=0, 8=0, 9=0, 10=0}]
[{0=0, 1=0, 2=0, 3=0, 4=0, 5=0, 6=0, 7=26, 8=0, 9=0, 10=0}, {0=0, 1=0, 2=0, 3=0, 4=0, 5=0, 6=0, 7=0, 8=0, 9=188, 10=0}, {0=0, 1=0, 2=0, 3=0, 4=0, 5=0, 6=0, 7=344, 8=0, 9=0, 10=0}, {0=0, 1=0, 2=0, 3=0, 4=0, 5=0, 6=0, 7=0, 8=0, 9=214, 10=0}, {0=0, 1=0, 2=0, 3=0, 4=0, 5=0, 6=0, 7=0, 8=0, 9=0, 10=67}, {0=0, 1=0, 2=0, 3=0, 4=0, 5=0, 6=0, 7=0, 8=0, 9=0, 10=52}, {0=0, 1=0, 2=0, 3=0, 4=0, 5=0, 6=0, 7=0, 8=0, 9=67, 10=0}, {0=0, 1=0, 2=0, 3=0, 4=0, 5=0, 6=0, 7=0, 8=0, 9=0, 10=65}, {0=0, 1=0, 2=0, 3=0, 4=0, 5=0, 6=0, 7=0, 8=0, 9=0, 10=59}, {0=0, 1=0, 2=0, 3=0, 4=0, 5=0, 6=0, 7=0, 8=0, 9=0, 10=181}, {0=0, 1=0, 2=0, 3=8, 4=0, 5=0, 6=0, 7=0, 8=0, 9=0, 10=0}]
[{0=0, 1=0, 2=0, 3=0, 4=0, 5=0, 6=0, 7=41, 8=0, 9=0, 10=0}, {0=0, 1=0, 2=0, 3=0, 4=0, 5=0, 6=0, 7=0, 8=0, 9=0, 10=198}, {0=0, 1=0, 2=0, 3=0, 4=0, 5=0, 6=0, 7=0, 8=0, 9=0, 10=148}, {0=0, 1=0, 2=0, 3=0, 4=0, 5=0, 6=81, 7=0, 8=0, 9=0, 10=0}, {0=0, 1=0, 2=0, 3=0, 4=0, 5=0, 6=0, 7=0, 8=0, 9=0, 10=56}, {0=0, 1=0, 2=0, 3=0, 4=0, 5=0, 6=0, 7=58, 8=0, 9=0, 10=0}, {0=0, 1=0, 2=0, 3=0, 4=0, 5=0, 6=0, 7=63, 8=0, 9=0, 10=0}, {0=0, 1=0, 2=0, 3=0, 4=0, 5=0, 6=0, 7=0, 8=68, 9=0, 10=0}, {0=0, 1=0, 2=0, 3=0, 4=0, 5=0, 6=0, 7=0, 8=0, 9=58, 10=0}, {0=0, 1=0, 2=0, 3=0, 4=0, 5=0, 6=0, 7=0, 8=0, 9=0, 10=219}, {0=0, 1=0, 2=0, 3=29, 4=0, 5=0, 6=0, 7=0, 8=0, 9=0, 10=0}]
[{0=0, 1=0, 2=0, 3=0, 4=0, 5=0, 6=0, 7=0, 8=0, 9=0, 10=0}, {0=0, 1=0, 2=0, 3=0, 4=0, 5=0, 6=0, 7=0, 8=0, 9=0, 10=79}, {0=0, 1=0, 2=0, 3=0, 4=0, 5=0, 6=0, 7=0, 8=39, 9=0, 10=0}, {0=2, 1=3, 2=2, 3=2, 4=1, 5=0, 6=1, 7=1, 8=0, 9=2, 10=0}, {0=1, 1=0, 2=2, 3=1, 4=0, 5=1, 6=1, 7=2, 8=1, 9=0, 10=1}, {0=0, 1=1, 2=1, 3=1, 4=1, 5=0, 6=0, 7=1, 8=2, 9=1, 10=0}, {0=0, 1=0, 2=0, 3=0, 4=1, 5=1, 6=1, 7=1, 8=0, 9=3, 10=0}, {0=1, 1=0, 2=0, 3=1, 4=0, 5=0, 6=0, 7=1, 8=0, 9=1, 10=0}, {0=0, 1=2, 2=4, 3=3, 4=2, 5=0, 6=2, 7=3, 8=0, 9=2, 10=2}, {0=9, 1=8, 2=8, 3=6, 4=9, 5=9, 6=8, 7=11, 8=14, 9=10, 10=8}, {0=0, 1=0, 2=0, 3=0, 4=0, 5=0, 6=0, 7=0, 8=0, 9=0, 10=0}]
[{0=0, 1=0, 2=0, 3=0, 4=0, 5=0, 6=0, 7=0, 8=0, 9=0, 10=0}, {0=0, 1=0, 2=0, 3=0, 4=0, 5=0, 6=0, 7=0, 8=0, 9=0, 10=30}, {0=0, 1=0, 2=0, 3=0, 4=0, 5=0, 6=0, 7=0, 8=40, 9=0, 10=0}, {0=0, 1=2, 2=0, 3=0, 4=2, 5=1, 6=1, 7=6, 8=1, 9=1, 10=0}, {0=0, 1=0, 2=2, 3=1, 4=1, 5=2, 6=1, 7=0, 8=1, 9=0, 10=1}, {0=0, 1=2, 2=0, 3=0, 4=0, 5=0, 6=2, 7=0, 8=0, 9=2, 10=0}, {0=0, 1=0, 2=0, 3=0, 4=0, 5=1, 6=1, 7=0, 8=0, 9=0, 10=0}, {0=0, 1=0, 2=0, 3=0, 4=2, 5=0, 6=0, 7=2, 8=0, 9=1, 10=0}, {0=5, 1=4, 2=4, 3=1, 4=4, 5=6, 6=6, 7=1, 8=4, 9=2, 10=5}, {0=2, 1=10, 2=5, 3=8, 4=12, 5=9, 6=6, 7=7, 8=5, 9=9, 10=10}, {0=0, 1=0, 2=0, 3=0, 4=0, 5=0, 6=0, 7=0, 8=0, 9=0, 10=0}]
[{0=0, 1=0, 2=0, 3=0, 4=0, 5=0, 6=0, 7=0, 8=0, 9=0, 10=0}, {0=0, 1=0, 2=0, 3=0, 4=0, 5=0, 6=0, 7=0, 8=0, 9=0, 10=80}, {0=0, 1=0, 2=0, 3=0, 4=0, 5=0, 6=0, 7=0, 8=35, 9=0, 10=0}, {0=2, 1=0, 2=4, 3=2, 4=0, 5=1, 6=2, 7=0, 8=2, 9=4, 10=1}, {0=0, 1=0, 2=0, 3=1, 4=0, 5=0, 6=0, 7=1, 8=1, 9=2, 10=0}, {0=0, 1=0, 2=1, 3=0, 4=0, 5=0, 6=0, 7=1, 8=2, 9=2, 10=0}, {0=0, 1=0, 2=3, 3=0, 4=0, 5=0, 6=1, 7=0, 8=0, 9=2, 10=2}, {0=0, 1=0, 2=0, 3=0, 4=0, 5=0, 6=0, 7=0, 8=0, 9=0, 10=1}, {0=7, 1=8, 2=9, 3=5, 4=8, 5=10, 6=6, 7=5, 8=9, 9=4, 10=5}, {0=3, 1=4, 2=5, 3=4, 4=4, 5=4, 6=6, 7=7, 8=9, 9=2, 10=4}, {0=0, 1=0, 2=0, 3=0, 4=0, 5=0, 6=0, 7=0, 8=0, 9=0, 10=0}]
[{0=0, 1=0, 2=0, 3=0, 4=0, 5=0, 6=0, 7=0, 8=0, 9=0, 10=0}, {0=0, 1=0, 2=0, 3=0, 4=0, 5=0, 6=0, 7=0, 8=36, 9=0, 10=0}, {0=0, 1=0, 2=0, 3=0, 4=0, 5=0, 6=0, 7=0, 8=51, 9=0, 10=0}, {0=0, 1=0, 2=0, 3=94, 4=0, 5=0, 6=0, 7=0, 8=0, 9=0, 10=0}, {0=0, 1=0, 2=0, 3=0, 4=0, 5=0, 6=0, 7=0, 8=0, 9=0, 10=0}, {0=0, 1=0, 2=0, 3=0, 4=0, 5=0, 6=0, 7=0, 8=0, 9=0, 10=0}, {0=0, 1=0, 2=0, 3=0, 4=0, 5=0, 6=0, 7=0, 8=0, 9=0, 10=0}, {0=0, 1=0, 2=0, 3=0, 4=0, 5=0, 6=0, 7=0, 8=0, 9=0, 10=0}, {0=0, 1=0, 2=0, 3=0, 4=0, 5=0, 6=0, 7=0, 8=0, 9=0, 10=0}, {0=0, 1=0, 2=0, 3=0, 4=0, 5=0, 6=0, 7=0, 8=0, 9=0, 10=0}, {0=0, 1=0, 2=0, 3=0, 4=0, 5=0, 6=0, 7=0, 8=0, 9=0, 10=0}]
[{0=0, 1=0, 2=0, 3=0, 4=0, 5=0, 6=0, 7=0, 8=0, 9=0, 10=0}, {0=0, 1=0, 2=0, 3=0, 4=0, 5=0, 6=0, 7=0, 8=0, 9=0, 10=52}, {0=0, 1=0, 2=0, 3=0, 4=0, 5=0, 6=0, 7=0, 8=0, 9=0, 10=37}, {0=9, 1=0, 2=0, 3=0, 4=0, 5=0, 6=0, 7=0, 8=0, 9=0, 10=0}, {0=0, 1=0, 2=0, 3=0, 4=0, 5=7, 6=0, 7=0, 8=0, 9=0, 10=0}, {0=0, 1=0, 2=0, 3=1, 4=0, 5=0, 6=1, 7=1, 8=2, 9=0, 10=0}, {0=0, 1=0, 2=0, 3=0, 4=1, 5=0, 6=0, 7=0, 8=0, 9=0, 10=1}, {0=0, 1=1, 2=0, 3=1, 4=0, 5=0, 6=2, 7=0, 8=1, 9=0, 10=0}, {0=29, 1=17, 2=23, 3=19, 4=23, 5=25, 6=27, 7=23, 8=25, 9=19, 10=24}, {0=1, 1=3, 2=2, 3=3, 4=3, 5=1, 6=1, 7=5, 8=6, 9=1, 10=1}, {0=0, 1=0, 2=0, 3=0, 4=0, 5=0, 6=0, 7=0, 8=0, 9=0, 10=0}]
[{0=0, 1=0, 2=0, 3=0, 4=0, 5=0, 6=0, 7=0, 8=0, 9=0, 10=0}, {0=0, 1=0, 2=0, 3=0, 4=0, 5=0, 6=0, 7=0, 8=0, 9=0, 10=80}, {0=0, 1=0, 2=0, 3=0, 4=0, 5=0, 6=0, 7=0, 8=0, 9=0, 10=33}, {0=0, 1=0, 2=0, 3=0, 4=0, 5=0, 6=0, 7=0, 8=12, 9=0, 10=0}, {0=0, 1=0, 2=0, 3=0, 4=0, 5=0, 6=0, 7=0, 8=0, 9=4, 10=0}, {0=0, 1=0, 2=0, 3=0, 4=0, 5=0, 6=0, 7=0, 8=0, 9=4, 10=0}, {0=0, 1=0, 2=0, 3=0, 4=0, 5=0, 6=0, 7=0, 8=0, 9=0, 10=2}, {0=0, 1=0, 2=0, 3=0, 4=0, 5=0, 6=0, 7=25, 8=0, 9=0, 10=0}, {0=0, 1=0, 2=0, 3=0, 4=0, 5=0, 6=0, 7=0, 8=0, 9=37, 10=0}, {0=266, 1=0, 2=0, 3=0, 4=0, 5=0, 6=0, 7=0, 8=0, 9=0, 10=0}, {0=0, 1=0, 2=0, 3=0, 4=0, 5=0, 6=0, 7=0, 8=0, 9=0, 10=0}]
[{0=0, 1=0, 2=0, 3=0, 4=0, 5=0, 6=0, 7=0, 8=0, 9=0, 10=0}, {0=0, 1=0, 2=0, 3=0, 4=0, 5=0, 6=0, 7=0, 8=0, 9=0, 10=78}, {0=0, 1=0, 2=0, 3=0, 4=0, 5=0, 6=0, 7=0, 8=0, 9=36, 10=0}, {0=0, 1=0, 2=0, 3=0, 4=0, 5=0, 6=0, 7=0, 8=11, 9=0, 10=0}, {0=0, 1=0, 2=0, 3=0, 4=0, 5=6, 6=0, 7=0, 8=0, 9=0, 10=0}, {0=0, 1=0, 2=0, 3=0, 4=0, 5=0, 6=0, 7=0, 8=0, 9=0, 10=5}, {0=0, 1=0, 2=0, 3=0, 4=0, 5=0, 6=0, 7=0, 8=0, 9=0, 10=3}, {0=0, 1=0, 2=0, 3=0, 4=0, 5=0, 6=0, 7=21, 8=0, 9=0, 10=0}, {0=0, 1=0, 2=0, 3=0, 4=0, 5=0, 6=0, 7=0, 8=0, 9=44, 10=0}, {0=263, 1=0, 2=0, 3=0, 4=0, 5=0, 6=0, 7=0, 8=0, 9=0, 10=0}, {0=0, 1=0, 2=0, 3=0, 4=0, 5=0, 6=0, 7=0, 8=0, 9=0, 10=0}]
[{0=0, 1=0, 2=0, 3=0, 4=0, 5=0, 6=0, 7=0, 8=0, 9=0, 10=0}, {0=0, 1=0, 2=0, 3=0, 4=0, 5=0, 6=0, 7=0, 8=0, 9=0, 10=20}, {0=0, 1=0, 2=0, 3=0, 4=0, 5=0, 6=0, 7=0, 8=0, 9=0, 10=35}, {0=0, 1=0, 2=0, 3=0, 4=0, 5=0, 6=0, 7=0, 8=12, 9=0, 10=0}, {0=0, 1=0, 2=0, 3=0, 4=0, 5=5, 6=0, 7=0, 8=0, 9=0, 10=0}, {0=0, 1=0, 2=0, 3=0, 4=0, 5=0, 6=0, 7=0, 8=0, 9=0, 10=5}, {0=0, 1=0, 2=0, 3=0, 4=0, 5=0, 6=0, 7=0, 8=0, 9=0, 10=2}, {0=0, 1=0, 2=0, 3=0, 4=0, 5=0, 6=0, 7=27, 8=0, 9=0, 10=0}, {0=0, 1=0, 2=0, 3=0, 4=0, 5=0, 6=0, 7=0, 8=0, 9=43, 10=0}, {0=267, 1=0, 2=0, 3=0, 4=0, 5=0, 6=0, 7=0, 8=0, 9=0, 10=0}, {0=0, 1=0, 2=0, 3=0, 4=0, 5=0, 6=0, 7=0, 8=0, 9=0, 10=0}]
[{0=0, 1=0, 2=0, 3=0, 4=0, 5=0, 6=0, 7=0, 8=0, 9=0, 10=0}, {0=0, 1=0, 2=0, 3=0, 4=0, 5=0, 6=0, 7=0, 8=0, 9=0, 10=20}, {0=0, 1=0, 2=0, 3=0, 4=0, 5=0, 6=0, 7=0, 8=0, 9=36, 10=0}, {0=0, 1=0, 2=0, 3=0, 4=0, 5=0, 6=0, 7=0, 8=12, 9=0, 10=0}, {0=0, 1=0, 2=0, 3=0, 4=0, 5=3, 6=0, 7=0, 8=0, 9=0, 10=0}, {0=0, 1=0, 2=0, 3=0, 4=0, 5=0, 6=0, 7=0, 8=0, 9=0, 10=5}, {0=0, 1=0, 2=0, 3=0, 4=0, 5=0, 6=0, 7=0, 8=0, 9=0, 10=2}, {0=0, 1=0, 2=0, 3=0, 4=0, 5=0, 6=0, 7=27, 8=0, 9=0, 10=0}, {0=0, 1=0, 2=0, 3=0, 4=0, 5=0, 6=0, 7=0, 8=0, 9=36, 10=0}, {0=251, 1=0, 2=0, 3=0, 4=0, 5=0, 6=0, 7=0, 8=0, 9=0, 10=0}, {0=0, 1=0, 2=0, 3=0, 4=0, 5=0, 6=0, 7=0, 8=0, 9=0, 10=0}]
[{0=0, 1=0, 2=0, 3=0, 4=0, 5=0, 6=0, 7=0, 8=0, 9=0, 10=0}, {0=0, 1=0, 2=0, 3=0, 4=0, 5=0, 6=0, 7=0, 8=0, 9=73, 10=0}, {0=0, 1=0, 2=0, 3=0, 4=0, 5=0, 6=0, 7=0, 8=0, 9=0, 10=40}, {0=0, 1=0, 2=0, 3=0, 4=0, 5=0, 6=0, 7=0, 8=11, 9=0, 10=0}, {0=0, 1=0, 2=0, 3=0, 4=0, 5=0, 6=0, 7=3, 8=0, 9=0, 10=0}, {0=0, 1=0, 2=0, 3=0, 4=9, 5=0, 6=0, 7=0, 8=0, 9=0, 10=0}, {0=0, 1=0, 2=0, 3=0, 4=0, 5=0, 6=0, 7=0, 8=0, 9=0, 10=3}, {0=0, 1=0, 2=0, 3=0, 4=0, 5=0, 6=0, 7=22, 8=0, 9=0, 10=0}, {0=0, 1=0, 2=0, 3=0, 4=0, 5=0, 6=0, 7=0, 8=0, 9=67, 10=0}, {0=245, 1=0, 2=0, 3=0, 4=0, 5=0, 6=0, 7=0, 8=0, 9=0, 10=0}, {0=0, 1=0, 2=0, 3=0, 4=0, 5=0, 6=0, 7=0, 8=0, 9=0, 10=0}]
[{0=3, 1=2, 2=2, 3=4, 4=1, 5=2, 6=0, 7=5, 8=2, 9=1, 10=0}, {0=0, 1=0, 2=0, 3=0, 4=0, 5=0, 6=0, 7=0, 8=0, 9=0, 10=230}, {0=0, 1=0, 2=0, 3=0, 4=0, 5=0, 6=0, 7=0, 8=0, 9=0, 10=375}, {0=0, 1=0, 2=0, 3=0, 4=0, 5=0, 6=0, 7=0, 8=177, 9=0, 10=0}, {0=0, 1=0, 2=0, 3=0, 4=0, 5=0, 6=0, 7=63, 8=0, 9=0, 10=0}, {0=0, 1=0, 2=0, 3=0, 4=0, 5=0, 6=0, 7=75, 8=0, 9=0, 10=0}, {0=0, 1=0, 2=0, 3=0, 4=0, 5=0, 6=0, 7=0, 8=0, 9=0, 10=66}, {0=0, 1=0, 2=0, 3=0, 4=0, 5=0, 6=0, 7=0, 8=106, 9=0, 10=0}, {0=0, 1=0, 2=0, 3=0, 4=0, 5=0, 6=0, 7=0, 8=0, 9=94, 10=0}, {0=0, 1=0, 2=0, 3=0, 4=0, 5=0, 6=0, 7=287, 8=0, 9=0, 10=0}, {0=0, 1=1, 2=1, 3=1, 4=0, 5=0, 6=0, 7=3, 8=0, 9=0, 10=1}]
[{0=1, 1=1, 2=3, 3=0, 4=3, 5=2, 6=1, 7=1, 8=1, 9=1, 10=7}, {0=0, 1=0, 2=0, 3=0, 4=0, 5=0, 6=0, 7=0, 8=0, 9=0, 10=247}, {0=0, 1=0, 2=0, 3=0, 4=0, 5=0, 6=0, 7=0, 8=0, 9=0, 10=120}, {0=0, 1=0, 2=0, 3=0, 4=0, 5=0, 6=0, 7=0, 8=69, 9=0, 10=0}, {0=0, 1=0, 2=0, 3=0, 4=0, 5=0, 6=0, 7=45, 8=0, 9=0, 10=0}, {0=0, 1=0, 2=0, 3=0, 4=0, 5=0, 6=0, 7=0, 8=0, 9=0, 10=53}, {0=0, 1=0, 2=0, 3=0, 4=0, 5=0, 6=0, 7=0, 8=0, 9=0, 10=64}, {0=0, 1=0, 2=0, 3=0, 4=0, 5=0, 6=0, 7=0, 8=56, 9=0, 10=0}, {0=0, 1=0, 2=0, 3=0, 4=0, 5=0, 6=0, 7=0, 8=0, 9=49, 10=0}, {0=0, 1=0, 2=0, 3=0, 4=0, 5=0, 6=0, 7=0, 8=0, 9=0, 10=204}, {0=1, 1=0, 2=0, 3=1, 4=1, 5=0, 6=0, 7=0, 8=0, 9=2, 10=1}]
[{0=3, 1=3, 2=4, 3=3, 4=1, 5=4, 6=2, 7=2, 8=4, 9=7, 10=3}, {0=0, 1=0, 2=0, 3=0, 4=0, 5=0, 6=0, 7=0, 8=0, 9=0, 10=232}, {0=0, 1=0, 2=0, 3=0, 4=0, 5=0, 6=0, 7=0, 8=0, 9=0, 10=121}, {0=0, 1=0, 2=0, 3=0, 4=0, 5=0, 6=0, 7=0, 8=58, 9=0, 10=0}, {0=0, 1=0, 2=0, 3=0, 4=0, 5=0, 6=0, 7=56, 8=0, 9=0, 10=0}, {0=0, 1=0, 2=0, 3=0, 4=0, 5=0, 6=0, 7=0, 8=0, 9=0, 10=55}, {0=0, 1=0, 2=0, 3=0, 4=0, 5=0, 6=0, 7=0, 8=0, 9=0, 10=60}, {0=0, 1=0, 2=0, 3=0, 4=0, 5=0, 6=0, 7=0, 8=63, 9=0, 10=0}, {0=0, 1=0, 2=0, 3=0, 4=0, 5=0, 6=0, 7=0, 8=0, 9=51, 10=0}, {0=0, 1=0, 2=0, 3=0, 4=0, 5=0, 6=0, 7=0, 8=0, 9=0, 10=204}, {0=57, 1=59, 2=56, 3=50, 4=47, 5=59, 6=56, 7=42, 8=66, 9=52, 10=53}]
[{0=1, 1=2, 2=1, 3=1, 4=2, 5=4, 6=2, 7=1, 8=4, 9=0, 10=3}, {0=0, 1=0, 2=0, 3=0, 4=0, 5=0, 6=0, 7=0, 8=0, 9=0, 10=239}, {0=0, 1=0, 2=0, 3=0, 4=0, 5=0, 6=0, 7=0, 8=0, 9=331, 10=0}, {0=0, 1=0, 2=0, 3=0, 4=0, 5=0, 6=0, 7=0, 8=185, 9=0, 10=0}, {0=0, 1=0, 2=0, 3=0, 4=0, 5=0, 6=0, 7=65, 8=0, 9=0, 10=0}, {0=0, 1=0, 2=0, 3=0, 4=0, 5=0, 6=0, 7=0, 8=0, 9=0, 10=57}, {0=0, 1=0, 2=0, 3=0, 4=0, 5=0, 6=0, 7=0, 8=0, 9=0, 10=60}, {0=0, 1=0, 2=0, 3=0, 4=0, 5=0, 6=0, 7=0, 8=62, 9=0, 10=0}, {0=0, 1=0, 2=0, 3=0, 4=0, 5=0, 6=0, 7=0, 8=0, 9=57, 10=0}, {0=0, 1=0, 2=0, 3=0, 4=0, 5=0, 6=0, 7=0, 8=0, 9=0, 10=196}, {0=0, 1=0, 2=0, 3=3, 4=1, 5=0, 6=1, 7=1, 8=1, 9=0, 10=0}]
[{0=3, 1=0, 2=3, 3=0, 4=2, 5=2, 6=2, 7=3, 8=2, 9=1, 10=3}, {0=0, 1=0, 2=0, 3=0, 4=0, 5=0, 6=0, 7=0, 8=0, 9=0, 10=185}, {0=0, 1=0, 2=0, 3=0, 4=0, 5=0, 6=0, 7=0, 8=0, 9=338, 10=0}, {0=0, 1=0, 2=0, 3=0, 4=0, 5=0, 6=0, 7=0, 8=184, 9=0, 10=0}, {0=0, 1=0, 2=0, 3=0, 4=0, 5=0, 6=0, 7=63, 8=0, 9=0, 10=0}, {0=0, 1=0, 2=0, 3=0, 4=0, 5=0, 6=0, 7=0, 8=0, 9=0, 10=55}, {0=0, 1=0, 2=0, 3=0, 4=0, 5=0, 6=0, 7=0, 8=0, 9=0, 10=65}, {0=0, 1=0, 2=0, 3=0, 4=0, 5=0, 6=0, 7=0, 8=64, 9=0, 10=0}, {0=0, 1=0, 2=0, 3=0, 4=0, 5=0, 6=0, 7=0, 8=0, 9=56, 10=0}, {0=0, 1=0, 2=0, 3=0, 4=0, 5=0, 6=0, 7=0, 8=0, 9=0, 10=196}, {0=0, 1=1, 2=0, 3=1, 4=1, 5=0, 6=1, 7=0, 8=1, 9=1, 10=1}]
[{0=2, 1=2, 2=3, 3=0, 4=1, 5=4, 6=2, 7=2, 8=1, 9=1, 10=1}, {0=0, 1=0, 2=0, 3=0, 4=0, 5=0, 6=0, 7=0, 8=0, 9=318, 10=0}, {0=0, 1=0, 2=0, 3=0, 4=0, 5=0, 6=0, 7=0, 8=0, 9=0, 10=323}, {0=0, 1=0, 2=0, 3=0, 4=0, 5=0, 6=0, 7=0, 8=93, 9=0, 10=0}, {0=0, 1=0, 2=0, 3=0, 4=0, 5=0, 6=0, 7=70, 8=0, 9=0, 10=0}, {0=0, 1=0, 2=0, 3=0, 4=0, 5=0, 6=0, 7=0, 8=0, 9=0, 10=52}, {0=0, 1=0, 2=0, 3=0, 4=0, 5=0, 6=0, 7=0, 8=0, 9=0, 10=61}, {0=0, 1=0, 2=0, 3=0, 4=0, 5=0, 6=0, 7=0, 8=0, 9=65, 10=0}, {0=0, 1=0, 2=0, 3=0, 4=0, 5=0, 6=0, 7=0, 8=0, 9=0, 10=69}, {0=0, 1=0, 2=0, 3=0, 4=0, 5=0, 6=0, 7=0, 8=0, 9=199, 10=0}, {0=0, 1=1, 2=2, 3=0, 4=0, 5=1, 6=0, 7=0, 8=0, 9=1, 10=0}]
[{0=35, 1=19, 2=24, 3=20, 4=23, 5=25, 6=32, 7=27, 8=30, 9=28, 10=26}, {0=0, 1=0, 2=0, 3=0, 4=0, 5=0, 6=0, 7=0, 8=0, 9=895, 10=0}, {0=0, 1=0, 2=0, 3=0, 4=0, 5=0, 6=0, 7=0, 8=0, 9=567, 10=0}, {0=0, 1=0, 2=0, 3=0, 4=0, 5=0, 6=0, 7=0, 8=0, 9=271, 10=0}, {0=0, 1=0, 2=0, 3=0, 4=319, 5=0, 6=0, 7=0, 8=0, 9=0, 10=0}, {0=0, 1=0, 2=0, 3=0, 4=0, 5=0, 6=0, 7=0, 8=0, 9=0, 10=130}, {0=0, 1=0, 2=0, 3=0, 4=0, 5=0, 6=0, 7=0, 8=0, 9=0, 10=137}, {0=0, 1=0, 2=0, 3=0, 4=0, 5=0, 6=0, 7=0, 8=0, 9=175, 10=0}, {0=0, 1=0, 2=0, 3=0, 4=0, 5=0, 6=0, 7=0, 8=0, 9=0, 10=159}, {0=0, 1=0, 2=0, 3=0, 4=0, 5=0, 6=0, 7=0, 8=0, 9=589, 10=0}, {0=0, 1=0, 2=0, 3=0, 4=0, 5=0, 6=0, 7=0, 8=0, 9=0, 10=0}]
[{0=0, 1=1, 2=4, 3=2, 4=5, 5=4, 6=2, 7=2, 8=4, 9=1, 10=3}, {0=0, 1=0, 2=0, 3=0, 4=0, 5=0, 6=0, 7=0, 8=0, 9=227, 10=0}, {0=0, 1=0, 2=0, 3=0, 4=0, 5=0, 6=0, 7=0, 8=0, 9=0, 10=148}, {0=0, 1=0, 2=0, 3=0, 4=0, 5=0, 6=0, 7=0, 8=82, 9=0, 10=0}, {0=0, 1=0, 2=0, 3=0, 4=0, 5=0, 6=47, 7=0, 8=0, 9=0, 10=0}, {0=0, 1=0, 2=0, 3=0, 4=0, 5=0, 6=0, 7=0, 8=0, 9=0, 10=53}, {0=0, 1=0, 2=0, 3=0, 4=0, 5=0, 6=0, 7=0, 8=0, 9=0, 10=67}, {0=0, 1=0, 2=0, 3=0, 4=0, 5=0, 6=0, 7=0, 8=0, 9=49, 10=0}, {0=0, 1=0, 2=0, 3=0, 4=0, 5=0, 6=0, 7=0, 8=0, 9=0, 10=53}, {0=0, 1=0, 2=0, 3=0, 4=0, 5=0, 6=0, 7=0, 8=0, 9=0, 10=194}, {0=0, 1=2, 2=2, 3=7, 4=3, 5=3, 6=4, 7=3, 8=2, 9=3, 10=4}]
[{0=5, 1=3, 2=2, 3=4, 4=2, 5=10, 6=7, 7=5, 8=6, 9=1, 10=0}, {0=0, 1=0, 2=0, 3=0, 4=0, 5=0, 6=0, 7=0, 8=0, 9=0, 10=230}, {0=0, 1=0, 2=0, 3=0, 4=0, 5=0, 6=0, 7=0, 8=0, 9=93, 10=0}, {0=0, 1=0, 2=0, 3=0, 4=0, 5=0, 6=0, 7=0, 8=0, 9=0, 10=78}, {0=0, 1=0, 2=0, 3=0, 4=0, 5=0, 6=53, 7=0, 8=0, 9=0, 10=0}, {0=0, 1=0, 2=0, 3=0, 4=0, 5=0, 6=0, 7=0, 8=0, 9=0, 10=56}, {0=0, 1=0, 2=0, 3=0, 4=0, 5=0, 6=0, 7=0, 8=0, 9=0, 10=56}, {0=0, 1=0, 2=0, 3=0, 4=0, 5=0, 6=0, 7=0, 8=0, 9=0, 10=67}, {0=0, 1=0, 2=0, 3=0, 4=0, 5=0, 6=0, 7=0, 8=0, 9=67, 10=0}, {0=0, 1=0, 2=0, 3=0, 4=0, 5=0, 6=0, 7=0, 8=0, 9=187, 10=0}, {0=2, 1=1, 2=2, 3=0, 4=3, 5=2, 6=2, 7=0, 8=2, 9=3, 10=1}]
[{0=1, 1=1, 2=2, 3=0, 4=3, 5=1, 6=3, 7=5, 8=4, 9=0, 10=3}, {0=0, 1=0, 2=0, 3=0, 4=0, 5=0, 6=0, 7=0, 8=0, 9=0, 10=251}, {0=0, 1=0, 2=0, 3=0, 4=0, 5=0, 6=0, 7=0, 8=0, 9=94, 10=0}, {0=0, 1=0, 2=0, 3=0, 4=0, 5=0, 6=0, 7=0, 8=85, 9=0, 10=0}, {0=0, 1=0, 2=0, 3=0, 4=0, 5=0, 6=0, 7=0, 8=0, 9=46, 10=0}, {0=0, 1=0, 2=0, 3=0, 4=0, 5=0, 6=0, 7=0, 8=0, 9=0, 10=58}, {0=0, 1=0, 2=0, 3=0, 4=0, 5=0, 6=0, 7=0, 8=0, 9=0, 10=58}, {0=0, 1=0, 2=0, 3=0, 4=0, 5=0, 6=0, 7=0, 8=0, 9=54, 10=0}, {0=0, 1=0, 2=0, 3=0, 4=0, 5=0, 6=0, 7=0, 8=0, 9=0, 10=51}, {0=0, 1=0, 2=0, 3=0, 4=0, 5=0, 6=0, 7=0, 8=0, 9=0, 10=193}, {0=1, 1=3, 2=1, 3=1, 4=0, 5=0, 6=1, 7=0, 8=0, 9=1, 10=0}]
[{0=0, 1=0, 2=0, 3=0, 4=0, 5=0, 6=0, 7=0, 8=0, 9=0, 10=0}, {0=331, 1=0, 2=0, 3=0, 4=0, 5=0, 6=0, 7=0, 8=0, 9=0, 10=0}, {0=0, 1=0, 2=0, 3=0, 4=0, 5=0, 6=0, 7=0, 8=0, 9=0, 10=0}, {0=0, 1=0, 2=0, 3=0, 4=0, 5=0, 6=0, 7=0, 8=0, 9=0, 10=0}, {0=0, 1=0, 2=0, 3=0, 4=0, 5=0, 6=0, 7=0, 8=0, 9=0, 10=0}, {0=0, 1=0, 2=0, 3=0, 4=0, 5=0, 6=0, 7=0, 8=0, 9=0, 10=0}, {0=0, 1=0, 2=0, 3=0, 4=0, 5=0, 6=0, 7=0, 8=0, 9=0, 10=0}, {0=0, 1=0, 2=0, 3=0, 4=0, 5=0, 6=0, 7=0, 8=0, 9=0, 10=0}, {0=0, 1=0, 2=0, 3=0, 4=0, 5=0, 6=0, 7=0, 8=0, 9=0, 10=0}, {0=0, 1=0, 2=0, 3=0, 4=0, 5=0, 6=0, 7=0, 8=0, 9=0, 10=0}, {0=0, 1=0, 2=0, 3=0, 4=0, 5=0, 6=0, 7=0, 8=0, 9=0, 10=0}]
[{0=0, 1=0, 2=0, 3=0, 4=0, 5=0, 6=0, 7=0, 8=0, 9=0, 10=0}, {0=0, 1=0, 2=0, 3=0, 4=0, 5=0, 6=0, 7=0, 8=0, 9=89, 10=0}, {0=0, 1=0, 2=0, 3=0, 4=0, 5=0, 6=0, 7=0, 8=41, 9=0, 10=0}, {0=0, 1=0, 2=0, 3=0, 4=0, 5=0, 6=0, 7=0, 8=0, 9=12, 10=0}, {0=0, 1=0, 2=0, 3=0, 4=0, 5=0, 6=0, 7=6, 8=0, 9=0, 10=0}, {0=0, 1=0, 2=0, 3=4, 4=0, 5=0, 6=0, 7=0, 8=0, 9=0, 10=0}, {0=0, 1=0, 2=0, 3=0, 4=0, 5=0, 6=2, 7=2, 8=0, 9=0, 10=1}, {0=0, 1=0, 2=0, 3=0, 4=0, 5=0, 6=1, 7=0, 8=0, 9=0, 10=1}, {0=14, 1=10, 2=11, 3=16, 4=11, 5=17, 6=15, 7=9, 8=7, 9=16, 10=18}, {0=3, 1=2, 2=2, 3=3, 4=3, 5=3, 6=3, 7=2, 8=2, 9=4, 10=1}, {0=0, 1=0, 2=0, 3=0, 4=0, 5=0, 6=0, 7=0, 8=0, 9=0, 10=0}]
